prefix,first_name,middle_initial,last_name,suffix,date_of_birth,ssn,gender,email,phone,mobile_phone,preferred_contact,home_street,home_address_line2,home_city,home_state,home_postal_code,mailing_street,mailing_city,mailing_state,mailing_postal_code,mailing_country,policy_number,group_number,member_id,effective_date,renewal_date,deductible_amount,coverage_limit,employer_company,employer_job_title,employer_city,employer_state,employer_phone,claim_number,incident_date,incident_time,loss_amount,injury_reported,diagnosis_code,police_report_filed,incident_description,payee_full_name,payee_routing_number,payee_account_number
,Joseph,,Johnson,,1971-06-27,903-72-3258,Male,johnson.j@test.example,(312) 555-0197,312-555-0111,phone,800 Sunset Ct,,Chicago,IL,60601,,,,,US,POL-865179,GRP26361,SUB2322047,2025-10-25,2027-09-25,2900.00,60000.00,Northstar Industries LLC,Customer Service Representative,Madison,WI,608-555-0131,,2023-08-21,18:15,171185.10,No,I10,false,Supporting receipts were uploaded to the case record. Coverage details were confirmed with the provider directly. Additional documentation was requested and is pending review.,Joseph Johnson,395376724,2388496965
,John,,Jackson,,1969-11-09,970-97-7112,Prefer not to say,john.jackson@example.com,(323) 555-0176,323-555-0134,mail,82 Sunset Pl,,Los Angeles,CA,90012-2002,47 Madison Ave,Boston,MA,02108,,P-579640,GRP53420,SUB9873325,2026-06-12,2027-03-09,650.00,,Clearwater Technologies Corp.,,Manchester,NH,603-555-0185,,2023-08-02,09:45,110824.86,Yes,,false,Additional documentation was requested and is pending review. The account was verified against the records on file. Customer reported the issue during the scheduled follow-up call.,John Jackson,518747567,01363964
,Skyler,,King,,1987-01-14,988-82-6201,Male,skylerking46@example.com,(512) 555-0113,512-555-0137,email,64 Forest Ave,,Austin,TX,78704-8800,,,,,US,POL-236359,GRP42501,MBR1728883,2026-07-01,2027-12-10,3550.00,700000.00,Pinnacle Supply Co.,Billing Specialist,,,402-555-0151,,2023-05-07,11:00,249729.74,No,F41.1,true,Customer reported the issue during the scheduled follow-up call. Coverage details were confirmed with the provider directly. Additional documentation was requested and is pending review.,Skyler King,410642838,47418958
Dr.,Fatima,,Clark,,2004-02-13,934-95-2526,Non-binary,fatima_clark@example.com,(206) 555-0111,,phone,159 Pine St,,Seattle,WA,98101,975 Pine Way,Anchorage,AK,99501,US,POL-361799,GRP91706,SUB5928882,2023-11-24,2027-10-14,700.00,100000.00,Westbrook Logistics Ltd.,Warehouse Supervisor,Raleigh,NC,984-555-0113,,2022-09-27,13:30,113786.13,Yes,I10,false,No prior claims were found under this policy number. A supervisor approved the adjustment after review. Customer reported the issue during the scheduled follow-up call.,Fatima Clark,209471294,11126921
Mr.,Elizabeth,W,Sanchez,,1951-10-07,937-68-5402,Male,elizabeth.sanchez@test.example,(719) 555-0155,719-555-0164,phone,819 Bridge Way,,Colorado Springs,CO,80909-2747,,,,,US,POL-738725,GRP63217,MBR7440122,2024-05-30,2027-04-16,4150.00,990000.00,Brightpath Associates Inc.,Accountant,Boston,MA,617-555-0123,,2024-05-29,08:00,49476.57,Yes,J06.9,false,The account was verified against the records on file. Supporting receipts were uploaded to the case record. Coverage details were confirmed with the provider directly.,Elizabeth Wei Sanchez,762646265,10316549
Dr.,Riley,,Jones,,1982-10-11,961-93-8957,,rileyjones73@test.example,(773) 555-0176,773-555-0173,email,456 Franklin St,,Chicago,IL,60647,312 Meadow Ter,San Francisco,CA,94117,,POL-833173,GRP38646,SUB2847938,2025-01-21,2027-07-10,4400.00,810000.00,Redwood Systems Co.,Accountant,Honolulu,HI,,,2023-09-04,09:30,127857.59,No,K21.9,false,Further inspection is scheduled for the following business day. Coverage details were confirmed with the provider directly. A supervisor approved the adjustment after review.,Riley Dakota Jones,509335629,73212958
,River,P,Lee,,1981-12-09,965-72-8333,Male,rlee@example.com,(716) 555-0143,716-555-0112,email,23 Mill Rd,,Buffalo,NY,14201,95 Market Rd,Billings,MT,59102,US,PL-718438,GRP25262,MBR4787535,2023-07-18,2028-01-16,2650.00,440000.00,Redwood Consulting Co.,Logistics Coordinator,New Orleans,LA,504-555-0191,,2023-12-21,10:15,38872.65,Yes,M25.561,false,Further inspection is scheduled for the following business day. The address on file was updated at the customer's request. Supporting receipts were uploaded to the case record.,River Peyton Lee,960784013,00551978
Mrs.,David,J,Thompson,,1967-02-09,973-48-6555,,dthompson@example.com,(602) 555-0184,602-555-0169,mail,798 River Ln,,Phoenix,AZ,85028,,,,,,PL-666936,GRP51739,MBR9179855,2023-12-20,2027-12-11,4800.00,710000.00,Meridian Logistics Ltd.,Underwriter,Memphis,TN,901-555-0197,,2025-02-10,10:30,109992.48,No,,false,Additional documentation was requested and is pending review. Further inspection is scheduled for the following business day. No prior claims were found under this policy number.,David Joseph Thompson,365890256,1912949614
Mx.,Elliot,,Ahmed,,1989-07-03,942-78-9954,Non-binary,elliot.ahmed@example.com,(719) 555-0188,719-555-0116,phone,6000 Chestnut Blvd,# 7B,Colorado Springs,CO,80909,,,,,US,P-754774,GRP25405,ID9323259,2025-02-11,2027-01-26,2500.00,310000.00,Westbrook Group Inc.,Quality Inspector,,,207-555-0182,,2024-01-19,16:45,116320.33,Yes,F41.1,,Additional documentation was requested and is pending review. The applicant requested a callback later in the week. Customer reported the issue during the scheduled follow-up call.,Elliot Omar Ahmed,017904555,871426311022
Mx.,Omar,,Okafor,,1988-04-11,946-50-4550,Male,omar.okafor@example.com,(646) 555-0157,646-555-0197,mail,904 Bridge Rd,,New York,NY,10022,3001 Pine Ave,Jersey City,NJ,07302,US,PL-116985,GRP64391,MBR7204483,2023-05-08,2027-03-21,2950.00,500000.00,Trailhead Logistics Co.,Warehouse Supervisor,Louisville,KY,502-555-0111,,2026-01-01,16:30,56305.42,No,I10,false,The applicant requested a callback later in the week. A supervisor approved the adjustment after review. Coverage details were confirmed with the provider directly.,Omar Okafor,897385446,2862147026
Mx.,Fatima,,Brown,,1954-12-11,969-50-7176,,fatima.brown@example.org,(619) 555-0104,619-555-0148,email,160 Madison Way,,San Diego,CA,92103,108 Prospect Pl,Madison,WI,53703,,POL-925667,GRP83736,ID8158203,2026-01-29,,0.00,530000.00,Cedar Ridge Partners LLC,Operations Analyst,Columbus,OH,614-555-0130,,2025-09-03,14:15,19106.97,No,M25.561,true,Additional documentation was requested and is pending review. Supporting receipts were uploaded to the case record. Customer reported the issue during the scheduled follow-up call.,Fatima Brown,282196800,47028222
,Betty,,Robinson,,1967-10-09,907-22-0769,Non-binary,betty_robinson@example.org,(312) 555-0142,312-555-0111,mail,74 Forest Blvd,,Chicago,IL,60614,60 Bridge Dr,Detroit,MI,48201,,P-200138,GRP16779,SUB7650539,2025-10-17,2027-05-18,300.00,820000.00,Ironwood Associates LLP,Quality Inspector,Honolulu,HI,,,2024-11-02,,31644.51,No,F41.1,false,No prior claims were found under this policy number. Further inspection is scheduled for the following business day. A supervisor approved the adjustment after review.,Betty Robinson,763238520,47561039
Dr.,Sarah,,Lewis,,1981-07-13,970-58-9793,,sarahlewis67@example.net,(602) 555-0148,602-555-0146,phone,62 Jefferson Ln,,Phoenix,AZ,85028,3031 Oak Dr,Atlanta,GA,30318,US,POL-356393,GRP12101,ID9136737,2025-11-04,2027-09-03,4850.00,390000.00,Ironwood Logistics Co.,Sales Associate,Raleigh,NC,984-555-0140,,2024-04-04,09:30,96121.48,Yes,S93.401A,true,Further inspection is scheduled for the following business day. Additional documentation was requested and is pending review. The account was verified against the records on file.,Sarah Lewis,885749269,4288441713
Dr.,Barbara,M,Silva,,1985-08-26,968-99-0665,Male,barbara.silva@example.org,(407) 555-0152,407-555-0142,email,1028 Pine Ct,,Orlando,FL,32801,679 Willow Dr,Columbus,OH,43215,US,POL-561608,GRP93404,MBR7964455,2025-05-09,2027-01-07,2000.00,90000.00,,Software Engineer,Cheyenne,WY,307-555-0150,,2025-11-09,10:30,14374.51,Yes,S93.401A,true,The applicant requested a callback later in the week. The address on file was updated at the customer's request. Customer reported the issue during the scheduled follow-up call.,Barbara Mei Silva,053757847,647332835797
Dr.,Shea,,Smith,,1996-08-02,906-75-9126,Prefer not to say,shea.smith@example.org,(210) 555-0199,210-555-0186,email,52 Willow Pl,,San Antonio,TX,78212-9140,,,,,US,PL-105502,GRP14565,ID7192534,2022-09-22,2026-09-20,2650.00,,Brightpath Supply Co.,Quality Inspector,Birmingham,AL,,,2023-06-14,,207350.08,No,J45.909,,Further inspection is scheduled for the following business day. Coverage details were confirmed with the provider directly. Supporting receipts were uploaded to the case record.,Shea Smith,308784934,62298928
,Jennifer,,White,PhD,1987-05-02,977-48-6193,Non-binary,jennifer.white@corp.example.net,(904) 555-0165,904-555-0175,phone,882 Lake Ter,,Jacksonville,FL,32207,450 Birch Ct,Colorado Springs,CO,80909,,PL-153193,GRP67494,ID1764734,2026-09-12,2026-10-13,1500.00,360000.00,Keystone Technologies Inc.,Data Analyst,Newark,NJ,973-555-0186,,2023-08-06,18:00,143644.79,Yes,,false,The address on file was updated at the customer's request. The account was verified against the records on file. Additional documentation was requested and is pending review.,Jennifer White PhD,728862960,636210320071
,Margaret,,Wilson,,1983-02-15,974-14-0204,Male,margaret_wilson@example.com,(520) 555-0137,520-555-0178,mail,9084 Meadow St,Fl 9C,Tucson,AZ,85701,87 Lake Rd,Houston,TX,77006,US,PL-625240,GRP87253,SUB6586588,2025-12-30,2027-07-09,1300.00,210000.00,Keystone Industries LLC,Operations Analyst,,,501-555-0126,,2025-12-12,,238560.87,Yes,R51.9,false,Further inspection is scheduled for the following business day. The applicant requested a callback later in the week. The address on file was updated at the customer's request.,Margaret Wilson,805122332,561723930029
,Ana,,Garcia,,1969-09-04,938-98-2577,Female,anagarcia86@example.org,(407) 555-0195,,mail,49 Cedar Blvd,,Orlando,FL,32801-2456,273 Lake Ct,Fargo,ND,58102,US,PL-881720,GRP26965,MBR7482774,2026-02-11,2027-09-27,3400.00,260000.00,Blue Harbor Health Ltd.,Registered Nurse,Anchorage,AK,907-555-0140,,2026-05-22,18:00,3610.25,Yes,I10,true,Supporting receipts were uploaded to the case record. A supervisor approved the adjustment after review. The account was verified against the records on file.,Ana Garcia,458551415,7172337911
Dr.,Kofi,,Jackson,,1984-10-12,981-02-6758,Prefer not to say,kjackson@example.org,(832) 555-0135,,email,79 Lincoln Ln,,Houston,TX,77002,68 Highland Way,Spokane,WA,99201,,P-856307,,MBR7537824,2026-08-06,2027-10-23,4900.00,550000.00,Cedar Ridge Associates LLP,,Sioux Falls,SD,605-555-0102,,2025-02-10,17:15,222412.31,Yes,F41.1,false,No prior claims were found under this policy number. Customer reported the issue during the scheduled follow-up call. A supervisor approved the adjustment after review.,Kofi Jackson,530547512,45388285
,Elliot,,Lopez,,2002-03-23,964-89-1504,Non-binary,elliotlopez4@test.example,(628) 555-0197,628-555-0180,email,3037 Monroe Blvd,,San Francisco,CA,94110,86 Ridge St,Richmond,VA,23220,US,POL-991437,GRP10929,SUB3984808,2023-04-29,2026-11-24,1950.00,,Pinnacle Systems Co.,Software Engineer,Miami,FL,,,2024-10-15,10:45,236104.36,Yes,,false,Additional documentation was requested and is pending review. Customer reported the issue during the scheduled follow-up call. Supporting receipts were uploaded to the case record.,Elliot Lopez,334976570,43212672
